sides,sizes,prices,potential_winnings,timestamps,outcomes,slugs,condition_ids,names
BUY,23420.906284,0.21348447999280676,18420.906285,1772382867,Yes,us-x-iran-ceasefire-by-march-6,0x74d513ded76c21815373eae49004f36291d958b034087e7bb3669f156e3d116e,0xdde15ebd95330ce69136dc0ccd810d22382e02c5
BUY,56359.95,0.2,45087.96,1772237235,Yes,us-strikes-iran-by-february-28-2026-227-967-547-688-589-491-592-418-452-924-384-915-464-672-196-157-993-596-269-535-381-391-471-256-988-997-296-225-762-973-292-827-345-182-558-215-794-879-189-761,0x3488f31e6449f9803f99a8b5dd232c7ad883637f1c86e6953305a2ef19c77f20,0xdde15ebd95330ce69136dc0ccd810d22382e02c5
BUY,98837.5,0.1,88953.75,1772146430,Yes,us-strikes-iran-by-february-28-2026-227-967-547-688-589-491-592-418-452-924-384-915-464-672-196-157-993-596-269-535-381-391-471-256-988-997-296-225-762-973-292-827-345-182-558-215-794-879-189-761,0x3488f31e6449f9803f99a8b5dd232c7ad883637f1c86e6953305a2ef19c77f20,0x56efadc9defe5b7a21af751e0d026f2cf54136db
BUY,96446.45,0.12874573610537246,84029.3808,1772254103,Yes,us-strikes-iran-by-february-28-2026-227-967-547-688-589-491-592-418-452-924-384-915-464-672-196-157-993-596-269-535-381-391-471-256-988-997-296-225-762-973-292-827-345-182-558-215-794-879-189-761,0x3488f31e6449f9803f99a8b5dd232c7ad883637f1c86e6953305a2ef19c77f20,0x38745db27f7360a287f6ca3c9b6a6a9c76149801
BUY,16861.605332,0.14999999995255495,14332.364533,1772254101,Yes,us-strikes-iran-by-february-28-2026-227-967-547-688-589-491-592-418-452-924-384-915-464-672-196-157-993-596-269-535-381-391-471-256-988-997-296-225-762-973-292-827-345-182-558-215-794-879-189-761,0x3488f31e6449f9803f99a8b5dd232c7ad883637f1c86e6953305a2ef19c77f20,0x38745db27f7360a287f6ca3c9b6a6a9c76149801
BUY,20355.684209,0.18999999996512032,16488.104209999998,1772212835,Yes,us-strikes-iran-by-february-28-2026-227-967-547-688-589-491-592-418-452-924-384-915-464-672-196-157-993-596-269-535-381-391-471-256-988-997-296-225-762-973-292-827-345-182-558-215-794-879-189-761,0x3488f31e6449f9803f99a8b5dd232c7ad883637f1c86e6953305a2ef19c77f20,0x38745db27f7360a287f6ca3c9b6a6a9c76149801
BUY,7083.333332,0.239999999904,5383.3333330000005,1772204225,Yes,us-strikes-iran-by-february-28-2026-227-967-547-688-589-491-592-418-452-924-384-915-464-672-196-157-993-596-269-535-381-391-471-256-988-997-296-225-762-973-292-827-345-182-558-215-794-879-189-761,0x3488f31e6449f9803f99a8b5dd232c7ad883637f1c86e6953305a2ef19c77f20,0x38745db27f7360a287f6ca3c9b6a6a9c76149801
BUY,60000.0,0.1,54000.0,1772142288,Yes,us-strikes-iran-by-february-28-2026-227-967-547-688-589-491-592-418-452-924-384-915-464-672-196-157-993-596-269-535-381-391-471-256-988-997-296-225-762-973-292-827-345-182-558-215-794-879-189-761,0x3488f31e6449f9803f99a8b5dd232c7ad883637f1c86e6953305a2ef19c77f20,0x38745db27f7360a287f6ca3c9b6a6a9c76149801
SELL,1440.11,0.0071830068536431245,1429.76568,1771537998,Yes,will-the-us-next-strike-iran-on-february-19-2026-et,0xf0e8d9b598385b7af803427463b94377280cfe1b58f045fc61c8d4530af768ad,0x38745db27f7360a287f6ca3c9b6a6a9c76149801
SELL,2794.78,0.045012262145857636,2668.98063,1771537990,Yes,will-the-us-next-strike-iran-on-february-21-2026-et,0xe5e57a570056e363a16129a3985cedcdfcb484d0d799a5f527a43baf31a11bf9,0x38745db27f7360a287f6ca3c9b6a6a9c76149801
SELL,20732.85,0.0240155092039927,20234.940049999997,1771537958,Yes,will-the-us-next-strike-iran-on-february-20-2026-et,0xee4520e0dc6e83786f8ad5822656d6d44878ae4077548295f0009f871e784ce5,0x38745db27f7360a287f6ca3c9b6a6a9c76149801
BUY,5199.991554,0.038461600739746124,4999.9915550000005,1771403058,Yes,will-the-us-next-strike-iran-on-february-20-2026-et,0xee4520e0dc6e83786f8ad5822656d6d44878ae4077548295f0009f871e784ce5,0x38745db27f7360a287f6ca3c9b6a6a9c76149801
BUY,120.476189,0.041501968492711865,115.47619,1771400944,Yes,will-the-us-next-strike-iran-on-february-21-2026-et,0xe5e57a570056e363a16129a3985cedcdfcb484d0d799a5f527a43baf31a11bf9,0x38745db27f7360a287f6ca3c9b6a6a9c76149801
BUY,100.0,0.01,99.0,1771400904,Yes,will-the-us-next-strike-iran-on-february-18-2026-et,0xe17e195955e4331eda3ec30f2eb210f8ce61dd575212b0e71f5694b89cd65964,0x38745db27f7360a287f6ca3c9b6a6a9c76149801
BUY,1000.0,0.001,999.0,1771400868,Yes,will-the-us-next-strike-iran-on-february-17-2026-et,0xb198e77cea694ba42a24240369f02f22441eb8c617cdd09f7c573034c3061c7c,0x38745db27f7360a287f6ca3c9b6a6a9c76149801
BUY,1000.0,0.001,999.0,1771400850,Yes,will-the-us-next-strike-iran-on-february-15-2026-et,0x92d0b95bc8614a72eb2c05e649e4870616199c8a299c0bf241160b10e7be5292,0x38745db27f7360a287f6ca3c9b6a6a9c76149801
BUY,2674.313554,0.03739277275487345,2574.3135549999997,1771400822,Yes,will-the-us-next-strike-iran-on-february-21-2026-et,0xe5e57a570056e363a16129a3985cedcdfcb484d0d799a5f527a43baf31a11bf9,0x38745db27f7360a287f6ca3c9b6a6a9c76149801
BUY,1440.115,0.019442891713508992,1412.115,1771400790,Yes,will-the-us-next-strike-iran-on-february-19-2026-et,0xf0e8d9b598385b7af803427463b94377280cfe1b58f045fc61c8d4530af768ad,0x38745db27f7360a287f6ca3c9b6a6a9c76149801
BUY,2272.727271,0.01100000000836,2247.727271,1771400762,Yes,will-the-us-next-strike-iran-on-february-18-2026-et,0xe17e195955e4331eda3ec30f2eb210f8ce61dd575212b0e71f5694b89cd65964,0x38745db27f7360a287f6ca3c9b6a6a9c76149801
BUY,3273.875404,0.04581725951352057,3123.875405,1771400662,Yes,will-the-us-next-strike-iran-on-february-20-2026-et,0xee4520e0dc6e83786f8ad5822656d6d44878ae4077548295f0009f871e784ce5,0x38745db27f7360a287f6ca3c9b6a6a9c76149801
BUY,12258.9844,0.036707771648685675,11808.9844,1771392740,Yes,will-the-us-next-strike-iran-on-february-20-2026-et,0xee4520e0dc6e83786f8ad5822656d6d44878ae4077548295f0009f871e784ce5,0x38745db27f7360a287f6ca3c9b6a6a9c76149801
SELL,91002.23,0.005647791598074025,90488.26836999999,1772243789,Yes,us-strikes-iran-by-february-27-2026,0x09cbe3e796661a1d820580145488ad2ccb9ad1e720efcd64b448bb77b97007c1,0x1caa6a7ad0c6916aef7b67946de2e57ad24846a0
SELL,200929.13,0.009878186353566553,198944.31461,1772243787,Yes,us-strikes-iran-by-february-27-2026,0x09cbe3e796661a1d820580145488ad2ccb9ad1e720efcd64b448bb77b97007c1,0x1caa6a7ad0c6916aef7b67946de2e57ad24846a0
BUY,343.31,0.17,284.9473,1772226211,Yes,us-strikes-iran-by-february-28-2026-227-967-547-688-589-491-592-418-452-924-384-915-464-672-196-157-993-596-269-535-381-391-471-256-988-997-296-225-762-973-292-827-345-182-558-215-794-879-189-761,0x3488f31e6449f9803f99a8b5dd232c7ad883637f1c86e6953305a2ef19c77f20,0x1caa6a7ad0c6916aef7b67946de2e57ad24846a0
BUY,1355.23,0.054,1282.04758,1772226169,Yes,us-strikes-iran-by-february-27-2026,0x09cbe3e796661a1d820580145488ad2ccb9ad1e720efcd64b448bb77b97007c1,0x1caa6a7ad0c6916aef7b67946de2e57ad24846a0
BUY,4956.23,0.053,4693.5498099999995,1772226073,Yes,us-strikes-iran-by-february-27-2026,0x09cbe3e796661a1d820580145488ad2ccb9ad1e720efcd64b448bb77b97007c1,0x1caa6a7ad0c6916aef7b67946de2e57ad24846a0
BUY,18666.666665,0.14999999995982144,15866.666666000001,1772220059,Yes,us-strikes-iran-by-february-28-2026-227-967-547-688-589-491-592-418-452-924-384-915-464-672-196-157-993-596-269-535-381-391-471-256-988-997-296-225-762-973-292-827-345-182-558-215-794-879-189-761,0x3488f31e6449f9803f99a8b5dd232c7ad883637f1c86e6953305a2ef19c77f20,0x1caa6a7ad0c6916aef7b67946de2e57ad24846a0
BUY,45153.23,0.06638121879652906,42155.903560000006,1772220005,Yes,us-strikes-iran-by-february-27-2026,0x09cbe3e796661a1d820580145488ad2ccb9ad1e720efcd64b448bb77b97007c1,0x1caa6a7ad0c6916aef7b67946de2e57ad24846a0
BUY,14285.714284,0.2099999999552,11285.714285,1772219931,Yes,us-strikes-iran-by-march-1-2026-492,0x15aa3c1259a716915e068a0d63c3885d2301d29e8982cbb1717ecb9b63d02d95,0x1caa6a7ad0c6916aef7b67946de2e57ad24846a0
BUY,8000.0,0.15,6800.0,1772219917,Yes,us-strikes-iran-by-february-28-2026-227-967-547-688-589-491-592-418-452-924-384-915-464-672-196-157-993-596-269-535-381-391-471-256-988-997-296-225-762-973-292-827-345-182-558-215-794-879-189-761,0x3488f31e6449f9803f99a8b5dd232c7ad883637f1c86e6953305a2ef19c77f20,0x1caa6a7ad0c6916aef7b67946de2e57ad24846a0
BUY,1778.221895,0.05623595080072951,1678.221896,1772219897,Yes,us-strikes-iran-by-february-27-2026,0x09cbe3e796661a1d820580145488ad2ccb9ad1e720efcd64b448bb77b97007c1,0x1caa6a7ad0c6916aef7b67946de2e57ad24846a0
BUY,55047.642856,0.013816213747599235,54287.092855999996,1772140032,Yes,us-strikes-iran-by-february-26-2026-368,0x680efda99a9c43cae7a318972ec3156a6b100b48a43d12478bcbcea85eb58ed7,0x1caa6a7ad0c6916aef7b67946de2e57ad24846a0
BUY,65625.0,0.08,60375.0,1772140012,Yes,us-strikes-iran-by-february-28-2026-227-967-547-688-589-491-592-418-452-924-384-915-464-672-196-157-993-596-269-535-381-391-471-256-988-997-296-225-762-973-292-827-345-182-558-215-794-879-189-761,0x3488f31e6449f9803f99a8b5dd232c7ad883637f1c86e6953305a2ef19c77f20,0x1caa6a7ad0c6916aef7b67946de2e57ad24846a0
BUY,199939.99857,0.01250375121476625,197439.99857,1772139990,Yes,us-strikes-iran-by-february-26-2026-368,0x680efda99a9c43cae7a318972ec3156a6b100b48a43d12478bcbcea85eb58ed7,0x1caa6a7ad0c6916aef7b67946de2e57ad24846a0
BUY,112860.555832,0.11202257428024537,100217.625833,1772132134,Yes,us-strikes-iran-by-february-28-2026-227-967-547-688-589-491-592-418-452-924-384-915-464-672-196-157-993-596-269-535-381-391-471-256-988-997-296-225-762-973-292-827-345-182-558-215-794-879-189-761,0x3488f31e6449f9803f99a8b5dd232c7ad883637f1c86e6953305a2ef19c77f20,0x1caa6a7ad0c6916aef7b67946de2e57ad24846a0
BUY,146763.15,0.10449625672384383,131426.9502,1772123062,Yes,us-strikes-iran-by-february-28-2026-227-967-547-688-589-491-592-418-452-924-384-915-464-672-196-157-993-596-269-535-381-391-471-256-988-997-296-225-762-973-292-827-345-182-558-215-794-879-189-761,0x3488f31e6449f9803f99a8b5dd232c7ad883637f1c86e6953305a2ef19c77f20,0x1caa6a7ad0c6916aef7b67946de2e57ad24846a0
BUY,86789.215453,0.10140637812040253,77988.235454,1772055864,Yes,us-strikes-iran-by-february-28-2026-227-967-547-688-589-491-592-418-452-924-384-915-464-672-196-157-993-596-269-535-381-391-471-256-988-997-296-225-762-973-292-827-345-182-558-215-794-879-189-761,0x3488f31e6449f9803f99a8b5dd232c7ad883637f1c86e6953305a2ef19c77f20,0x1caa6a7ad0c6916aef7b67946de2e57ad24846a0
BUY,71975.7,0.1,64778.13,1772055606,Yes,us-strikes-iran-by-february-28-2026-227-967-547-688-589-491-592-418-452-924-384-915-464-672-196-157-993-596-269-535-381-391-471-256-988-997-296-225-762-973-292-827-345-182-558-215-794-879-189-761,0x3488f31e6449f9803f99a8b5dd232c7ad883637f1c86e6953305a2ef19c77f20,0x1caa6a7ad0c6916aef7b67946de2e57ad24846a0
