proxyWallet,side,conditionId,size,price,timestamp,title,slug,eventSlug,outcome,outcomeIndex,name,total_trade_value,winnings,user_mean_winnings,user_number_of_trades,user_trades_before_this_trade,user_trades_after_this_trade,user_90th_percentile_winnings,Insider_scores
0xf5479a5dea07ce438167ef33f68e49a55b1b6c2d,BUY,0x70705ca527ecbcbdb5ebc5f648a5b0f3e765a0839d5889f6fae7e80c7e036625,4133.009564,0.229573627717838,1770429543,Will Lady Gaga perform during the Super Bowl LX halftime show?,will-lady-gaga-perform-during-the-super-bowl-lx-halftime-show,who-will-perform-at-super-bowl-halftime-show,No,1,javiercolombani,948.829999,3184.179565,120.94192041199999,3508,2615,892,197.21307000000002,Low Risk
0x69ea0d77ef34f1acb03aaed901df7620fc4215cd,BUY,0x70705ca527ecbcbdb5ebc5f648a5b0f3e765a0839d5889f6fae7e80c7e036625,5336.06,0.1774571125512082,1770469701,Will Lady Gaga perform during the Super Bowl LX halftime show?,will-lady-gaga-perform-during-the-super-bowl-lx-halftime-show,who-will-perform-at-super-bowl-halftime-show,No,1,TylerTurden,946.9218,4389.1382,260.26127540425534,94,19,74,271.88926360000033,Low Risk
0xb39909c5bfe271f2165db8b9084412f61634b61f,BUY,0x70705ca527ecbcbdb5ebc5f648a5b0f3e765a0839d5889f6fae7e80c7e036625,1251.833332,0.2399999994567967,1770414653,Will Lady Gaga perform during the Super Bowl LX halftime show?,will-lady-gaga-perform-during-the-super-bowl-lx-halftime-show,who-will-perform-at-super-bowl-halftime-show,No,1,Yuli-betzz,300.439999,951.393333,2022.046806602,4000,3574,425,3338.8849060000016,Low Risk
0xb39909c5bfe271f2165db8b9084412f61634b61f,BUY,0x70705ca527ecbcbdb5ebc5f648a5b0f3e765a0839d5889f6fae7e80c7e036625,1155.53846,0.2599999994807615,1770411419,Will Lady Gaga perform during the Super Bowl LX halftime show?,will-lady-gaga-perform-during-the-super-bowl-lx-halftime-show,who-will-perform-at-super-bowl-halftime-show,No,1,Yuli-betzz,300.43999899999994,855.098461,2022.046806602,4000,3575,424,3338.8849060000016,Low Risk
0xff0fbaca4b13484e46aafcbe59301d1fddba7efc,BUY,0x70705ca527ecbcbdb5ebc5f648a5b0f3e765a0839d5889f6fae7e80c7e036625,1320.869564,0.2271231067596921,1770438851,Will Lady Gaga perform during the Super Bowl LX halftime show?,will-lady-gaga-perform-during-the-super-bowl-lx-halftime-show,who-will-perform-at-super-bowl-halftime-show,No,1,aleeecolo,299.999999,1020.8695650000001,572.194034,5,0,4,999.8181834000001,High Risk
0x270e9b6b04665e212762a018214dd023a52b2930,BUY,0x70705ca527ecbcbdb5ebc5f648a5b0f3e765a0839d5889f6fae7e80c7e036625,961.53846,0.259999999376,1770411429,Will Lady Gaga perform during the Super Bowl LX halftime show?,will-lady-gaga-perform-during-the-super-bowl-lx-halftime-show,who-will-perform-at-super-bowl-halftime-show,No,1,Danieu,249.999999,711.538461,293.75754770454546,88,74,13,686.5628713999994,Low Risk
0xb39909c5bfe271f2165db8b9084412f61634b61f,BUY,0x70705ca527ecbcbdb5ebc5f648a5b0f3e765a0839d5889f6fae7e80c7e036625,1059.411738,0.1896429799610168,1770428851,Will Lady Gaga perform during the Super Bowl LX halftime show?,will-lady-gaga-perform-during-the-super-bowl-lx-halftime-show,who-will-perform-at-super-bowl-halftime-show,No,1,Yuli-betzz,200.909999,858.501739,293.75754770454546,88,75,12,686.5628713999994,Low Risk
0xb39909c5bfe271f2165db8b9084412f61634b61f,BUY,0x70705ca527ecbcbdb5ebc5f648a5b0f3e765a0839d5889f6fae7e80c7e036625,742.222221,0.2699999990973054,1770410967,Will Lady Gaga perform during the Super Bowl LX halftime show?,will-lady-gaga-perform-during-the-super-bowl-lx-halftime-show,who-will-perform-at-super-bowl-halftime-show,No,1,Yuli-betzz,200.399999,541.822222,293.75754770454546,88,73,14,686.5628713999994,Low Risk
0xb39909c5bfe271f2165db8b9084412f61634b61f,BUY,0x70705ca527ecbcbdb5ebc5f648a5b0f3e765a0839d5889f6fae7e80c7e036625,740.740739,0.2699999992845,1770410947,Will Lady Gaga perform during the Super Bowl LX halftime show?,will-lady-gaga-perform-during-the-super-bowl-lx-halftime-show,who-will-perform-at-super-bowl-halftime-show,No,1,Yuli-betzz,199.999999,540.74074,70.90534404819277,83,9,73,240.4670623999999,Low Risk
0xde81bc45c14349c6f77eca9889e4c5e92065c5db,BUY,0x70705ca527ecbcbdb5ebc5f648a5b0f3e765a0839d5889f6fae7e80c7e036625,869.565216,0.229999999218,1770413663,Will Lady Gaga perform during the Super Bowl LX halftime show?,will-lady-gaga-perform-during-the-super-bowl-lx-halftime-show,who-will-perform-at-super-bowl-halftime-show,No,1,0xde81Bc45c14349c6f77eCa9889e4c5E92065c5DB-1770193385143,199.99999899999997,669.565217,272.4121404307116,267,156,110,671.8866454000002,Low Risk
0xf5479a5dea07ce438167ef33f68e49a55b1b6c2d,BUY,0x70705ca527ecbcbdb5ebc5f648a5b0f3e765a0839d5889f6fae7e80c7e036625,887.869564,0.2250217904755208,1770431749,Will Lady Gaga perform during the Super Bowl LX halftime show?,will-lady-gaga-perform-during-the-super-bowl-lx-halftime-show,who-will-perform-at-super-bowl-halftime-show,No,1,javiercolombani,199.789999,688.079565,260.26127540425534,94,20,73,271.88926360000033,Low Risk
0x510904c9a58f5c5ad799a1b44947077564175e9c,BUY,0x70705ca527ecbcbdb5ebc5f648a5b0f3e765a0839d5889f6fae7e80c7e036625,1229.74,0.1389449802397254,1770428687,Will Lady Gaga perform during the Super Bowl LX halftime show?,will-lady-gaga-perform-during-the-super-bowl-lx-halftime-show,who-will-perform-at-super-bowl-halftime-show,No,1,Logan.,170.8662,1058.8738,71.39539499233716,261,23,237,164.9934,Low Risk
0x510904c9a58f5c5ad799a1b44947077564175e9c,BUY,0x70705ca527ecbcbdb5ebc5f648a5b0f3e765a0839d5889f6fae7e80c7e036625,1200.0,0.14,1770435069,Will Lady Gaga perform during the Super Bowl LX halftime show?,will-lady-gaga-perform-during-the-super-bowl-lx-halftime-show,who-will-perform-at-super-bowl-halftime-show,No,1,Logan.,168.00000000000003,1032.0,142.71826766463414,164,142,21,195.02965300000005,Low Risk
0x270e9b6b04665e212762a018214dd023a52b2930,BUY,0x70705ca527ecbcbdb5ebc5f648a5b0f3e765a0839d5889f6fae7e80c7e036625,600.0,0.25,1770413063,Will Lady Gaga perform during the Super Bowl LX halftime show?,will-lady-gaga-perform-during-the-super-bowl-lx-halftime-show,who-will-perform-at-super-bowl-halftime-show,No,1,Danieu,150.0,450.0,293.75754770454546,88,72,15,686.5628713999994,Low Risk
0xcf29722af564119a50ae0d5b6afc2e08010577d1,BUY,0x70705ca527ecbcbdb5ebc5f648a5b0f3e765a0839d5889f6fae7e80c7e036625,896.788822,0.1672634574831933,1770465419,Will Lady Gaga perform during the Super Bowl LX halftime show?,will-lady-gaga-perform-during-the-super-bowl-lx-halftime-show,who-will-perform-at-super-bowl-halftime-show,No,1,gambler.eth,149.999999,746.788823,293.75754770454546,88,71,16,686.5628713999994,Low Risk
0x1dc0db14e3ca9591ca7196305f75eeb750f5099d,BUY,0x70705ca527ecbcbdb5ebc5f648a5b0f3e765a0839d5889f6fae7e80c7e036625,724.110665,0.1422434497633038,1770459233,Will Lady Gaga perform during the Super Bowl LX halftime show?,will-lady-gaga-perform-during-the-super-bowl-lx-halftime-show,who-will-perform-at-super-bowl-halftime-show,No,1,BrokeByChoice,102.99999900000002,621.110666,83.24599600909089,110,87,22,162.1504866000001,Low Risk
0xbe216a3f27d7e5d9cd7d7234144b8cf895a365e5,BUY,0x70705ca527ecbcbdb5ebc5f648a5b0f3e765a0839d5889f6fae7e80c7e036625,556.11111,0.1798201783812591,1770453551,Will Lady Gaga perform during the Super Bowl LX halftime show?,will-lady-gaga-perform-during-the-super-bowl-lx-halftime-show,who-will-perform-at-super-bowl-halftime-show,No,1,salomonherro3,99.99999900000002,456.11111100000005,847.7796809411765,102,10,91,2444.2134651,Low Risk
0xdae199000e53b3cccfb81b13eee12fedcc287a4d,BUY,0x70705ca527ecbcbdb5ebc5f648a5b0f3e765a0839d5889f6fae7e80c7e036625,434.782607,0.229999998597,1770440033,Will Lady Gaga perform during the Super Bowl LX halftime show?,will-lady-gaga-perform-during-the-super-bowl-lx-halftime-show,who-will-perform-at-super-bowl-halftime-show,No,1,BUGGY,99.999999,334.782608,1116.7806453371427,175,68,106,1450.7470119999996,Low Risk
0xdae199000e53b3cccfb81b13eee12fedcc287a4d,BUY,0x70705ca527ecbcbdb5ebc5f648a5b0f3e765a0839d5889f6fae7e80c7e036625,434.782607,0.229999998597,1770440293,Will Lady Gaga perform during the Super Bowl LX halftime show?,will-lady-gaga-perform-during-the-super-bowl-lx-halftime-show,who-will-perform-at-super-bowl-halftime-show,No,1,BUGGY,99.999999,334.782608,272.4121404307116,267,157,109,671.8866454000002,Low Risk
0x2835c2947f98bb304d1636c973de65b9564f2b42,BUY,0x70705ca527ecbcbdb5ebc5f648a5b0f3e765a0839d5889f6fae7e80c7e036625,588.235293,0.169999998623,1770454385,Will Lady Gaga perform during the Super Bowl LX halftime show?,will-lady-gaga-perform-during-the-super-bowl-lx-halftime-show,who-will-perform-at-super-bowl-halftime-show,No,1,DrearyCritic18364592,99.999999,488.23529399999995,95.62877398599998,3235,2688,546,192.33340000000018,Low Risk
0x56471a1042a97a710bc1889814487b6705047cbe,BUY,0x70705ca527ecbcbdb5ebc5f648a5b0f3e765a0839d5889f6fae7e80c7e036625,416.458332,0.2399999983671835,1770416497,Will Lady Gaga perform during the Super Bowl LX halftime show?,will-lady-gaga-perform-during-the-super-bowl-lx-halftime-show,who-will-perform-at-super-bowl-halftime-show,No,1,unibetz,99.949999,316.508333,171.00536349566727,577,416,160,462.7203763999997,Low Risk
0x56471a1042a97a710bc1889814487b6705047cbe,BUY,0x70705ca527ecbcbdb5ebc5f648a5b0f3e765a0839d5889f6fae7e80c7e036625,399.76,0.25,1770417081,Will Lady Gaga perform during the Super Bowl LX halftime show?,will-lady-gaga-perform-during-the-super-bowl-lx-halftime-show,who-will-perform-at-super-bowl-halftime-show,No,1,unibetz,99.94,299.82,171.00536349566727,577,417,159,462.7203763999997,Low Risk
0x46e1a35c23dbf3ce204db3d7a063c667da3549e7,BUY,0x70705ca527ecbcbdb5ebc5f648a5b0f3e765a0839d5889f6fae7e80c7e036625,627.0,0.15,1770463009,Will Lady Gaga perform during the Super Bowl LX halftime show?,will-lady-gaga-perform-during-the-super-bowl-lx-halftime-show,who-will-perform-at-super-bowl-halftime-show,No,1,,94.05,532.95,72.48683126950354,141,131,9,202.908484,Low Risk
0xd34bf815245d5bcea098cb0ea17df360b5c50004,BUY,0x70705ca527ecbcbdb5ebc5f648a5b0f3e765a0839d5889f6fae7e80c7e036625,500.0,0.16,1770468733,Will Lady Gaga perform during the Super Bowl LX halftime show?,will-lady-gaga-perform-during-the-super-bowl-lx-halftime-show,who-will-perform-at-super-bowl-halftime-show,No,1,Jest55,80.0,420.0,72.48683126950354,141,132,8,202.908484,Low Risk
0xcf29722af564119a50ae0d5b6afc2e08010577d1,BUY,0x70705ca527ecbcbdb5ebc5f648a5b0f3e765a0839d5889f6fae7e80c7e036625,352.941175,0.169999997875,1770469323,Will Lady Gaga perform during the Super Bowl LX halftime show?,will-lady-gaga-perform-during-the-super-bowl-lx-halftime-show,who-will-perform-at-super-bowl-halftime-show,No,1,gambler.eth,59.999999,292.941176,70.90534404819277,83,10,72,240.4670623999999,Low Risk
0xb63ac06f20eed05d0a34f61116d0580a0afb4064,BUY,0x3488f31e6449f9803f99a8b5dd232c7ad883637f1c86e6953305a2ef19c77f20,282924.93,0.12,1772261329,"US strikes Iran by February 28, 2026?",us-strikes-iran-by-february-28-2026-227-967-547-688-589-491-592-418-452-924-384-915-464-672-196-157-993-596-269-535-381-391-471-256-988-997-296-225-762-973-292-827-345-182-558-215-794-879-189-761,us-strikes-iran-by,No,1,plzdontdropout,33950.9916,248973.93839999998,979.0081282350002,4000,3992,7,229.03642200000004,Low Risk
0x523d695f22a172601a8fa8abdb7a229d58a72b5e,BUY,0x3488f31e6449f9803f99a8b5dd232c7ad883637f1c86e6953305a2ef19c77f20,34776.144665,0.1437767195635169,1772261287,"US strikes Iran by February 28, 2026?",us-strikes-iran-by-february-28-2026-227-967-547-688-589-491-592-418-452-924-384-915-464-672-196-157-993-596-269-535-381-391-471-256-988-997-296-225-762-973-292-827-345-182-558-215-794-879-189-761,us-strikes-iran-by,No,1,whyyoubullyme,4999.999999000001,29776.144666,7439.115747136364,22,19,2,11584.259817300011,Low Risk
0xc6301da213480c28dc2d2c27cea7b4f0f819526e,BUY,0x3488f31e6449f9803f99a8b5dd232c7ad883637f1c86e6953305a2ef19c77f20,29166.666665,0.1199999999725714,1772261301,"US strikes Iran by February 28, 2026?",us-strikes-iran-by-february-28-2026-227-967-547-688-589-491-592-418-452-924-384-915-464-672-196-157-993-596-269-535-381-391-471-256-988-997-296-225-762-973-292-827-345-182-558-215-794-879-189-761,us-strikes-iran-by,No,1,SlavicThug,3499.999999,25666.666666,2072.5398281463413,41,38,2,3954.17375,Low Risk
0x01a0aa3437899e329b0349940b00512d79156d87,BUY,0x3488f31e6449f9803f99a8b5dd232c7ad883637f1c86e6953305a2ef19c77f20,20000.0,0.12,1772261387,"US strikes Iran by February 28, 2026?",us-strikes-iran-by-february-28-2026-227-967-547-688-589-491-592-418-452-924-384-915-464-672-196-157-993-596-269-535-381-391-471-256-988-997-296-225-762-973-292-827-345-182-558-215-794-879-189-761,us-strikes-iran-by,No,1,lichong358,2400.0,17600.0,654.8757370750001,240,236,3,1175.0813120000005,Low Risk
0x9a5be5bb6bc2ddf3ff68aacfd661bea18e28691d,BUY,0x3488f31e6449f9803f99a8b5dd232c7ad883637f1c86e6953305a2ef19c77f20,7801.4495,0.1927513598594722,1772261239,"US strikes Iran by February 28, 2026?",us-strikes-iran-by-february-28-2026-227-967-547-688-589-491-592-418-452-924-384-915-464-672-196-157-993-596-269-535-381-391-471-256-988-997-296-225-762-973-292-827-345-182-558-215-794-879-189-761,us-strikes-iran-by,No,1,Mj-313,1503.74,6297.709500000001,142.72444267977528,178,10,167,170.25300000000024,Low Risk
0x5a7f709cd513ff66e606969cf16e348fa4d3b921,BUY,0x3488f31e6449f9803f99a8b5dd232c7ad883637f1c86e6953305a2ef19c77f20,10000.0,0.11468867,1772261321,"US strikes Iran by February 28, 2026?",us-strikes-iran-by-february-28-2026-227-967-547-688-589-491-592-418-452-924-384-915-464-672-196-157-993-596-269-535-381-391-471-256-988-997-296-225-762-973-292-827-345-182-558-215-794-879-189-761,us-strikes-iran-by,No,1,forexcoder,1146.8867,8853.1133,3380.48055728421,95,91,3,9928.926440000023,Low Risk
0xaabb44e7746e36af8c6f1b5e996a06669d00fa95,BUY,0x3488f31e6449f9803f99a8b5dd232c7ad883637f1c86e6953305a2ef19c77f20,8333.333332,0.1199999998992,1772261395,"US strikes Iran by February 28, 2026?",us-strikes-iran-by-february-28-2026-227-967-547-688-589-491-592-418-452-924-384-915-464-672-196-157-993-596-269-535-381-391-471-256-988-997-296-225-762-973-292-827-345-182-558-215-794-879-189-761,us-strikes-iran-by,No,1,Anittamaxwynn,999.999999,7333.3333330000005,3380.48055728421,95,92,2,9928.926440000023,Low Risk
0x5060b41a1be40a63b7da2075e42479b29157a780,BUY,0x3488f31e6449f9803f99a8b5dd232c7ad883637f1c86e6953305a2ef19c77f20,6666.666665,0.1499999998875,1772261273,"US strikes Iran by February 28, 2026?",us-strikes-iran-by-february-28-2026-227-967-547-688-589-491-592-418-452-924-384-915-464-672-196-157-993-596-269-535-381-391-471-256-988-997-296-225-762-973-292-827-345-182-558-215-794-879-189-761,us-strikes-iran-by,No,1,Fancyi,999.999999,5666.666666,2267.444863291262,309,289,19,1723.0873535999992,Low Risk
0x90bffadbf6de9b426180976f8fe0a8e3c594508a,BUY,0x3488f31e6449f9803f99a8b5dd232c7ad883637f1c86e6953305a2ef19c77f20,6489.827332,0.1453043279518796,1772261185,"US strikes Iran by February 28, 2026?",us-strikes-iran-by-february-28-2026-227-967-547-688-589-491-592-418-452-924-384-915-464-672-196-157-993-596-269-535-381-391-471-256-988-997-296-225-762-973-292-827-345-182-558-215-794-879-189-761,us-strikes-iran-by,No,1,0x90bFfADbf6DE9b426180976f8FE0A8E3c594508a-1772259725819,942.999999,5546.827333,2789.6588343390004,4000,3960,39,5984.500370000002,Low Risk
0xaabb44e7746e36af8c6f1b5e996a06669d00fa95,BUY,0x3488f31e6449f9803f99a8b5dd232c7ad883637f1c86e6953305a2ef19c77f20,8223.91,0.11,1772261447,"US strikes Iran by February 28, 2026?",us-strikes-iran-by-february-28-2026-227-967-547-688-589-491-592-418-452-924-384-915-464-672-196-157-993-596-269-535-381-391-471-256-988-997-296-225-762-973-292-827-345-182-558-215-794-879-189-761,us-strikes-iran-by,No,1,Anittamaxwynn,904.6301,7319.2798999999995,470.0369076434011,788,746,41,857.142857,Low Risk
0x2156db24f5ebd00f7c8b1709c51e38288d355c9f,BUY,0x3488f31e6449f9803f99a8b5dd232c7ad883637f1c86e6953305a2ef19c77f20,6017.984665,0.1488156000477279,1772261275,"US strikes Iran by February 28, 2026?",us-strikes-iran-by-february-28-2026-227-967-547-688-589-491-592-418-452-924-384-915-464-672-196-157-993-596-269-535-381-391-471-256-988-997-296-225-762-973-292-827-345-182-558-215-794-879-189-761,us-strikes-iran-by,No,1,LONGLIFE11,895.5699989999999,5122.414666000001,5758.4008665,2,0,1,5927.6596933,High Risk
0xef5a035ee151068da0ac977dace93784c24cb17d,BUY,0x3488f31e6449f9803f99a8b5dd232c7ad883637f1c86e6953305a2ef19c77f20,6138.583332,0.1199999998631606,1772261295,"US strikes Iran by February 28, 2026?",us-strikes-iran-by-february-28-2026-227-967-547-688-589-491-592-418-452-924-384-915-464-672-196-157-993-596-269-535-381-391-471-256-988-997-296-225-762-973-292-827-345-182-558-215-794-879-189-761,us-strikes-iran-by,No,1,BeterCallSaul,736.629999,5401.953333,1934.29523064,25,19,5,4023.1962498000053,Low Risk
0x6bab41a0dc40d6dd4c1a915b8c01969479fd1292,BUY,0x3488f31e6449f9803f99a8b5dd232c7ad883637f1c86e6953305a2ef19c77f20,6604.76,0.11,1772261395,"US strikes Iran by February 28, 2026?",us-strikes-iran-by-february-28-2026-227-967-547-688-589-491-592-418-452-924-384-915-464-672-196-157-993-596-269-535-381-391-471-256-988-997-296-225-762-973-292-827-345-182-558-215-794-879-189-761,us-strikes-iran-by,No,1,Dropper,726.5236,5878.2364,224.591461990991,333,330,2,166.70000000000022,Low Risk
0x1d749b198ea0d5136b21fc128fba38bc419c96eb,BUY,0x3488f31e6449f9803f99a8b5dd232c7ad883637f1c86e6953305a2ef19c77f20,6000.0,0.12,1772261305,"US strikes Iran by February 28, 2026?",us-strikes-iran-by-february-28-2026-227-967-547-688-589-491-592-418-452-924-384-915-464-672-196-157-993-596-269-535-381-391-471-256-988-997-296-225-762-973-292-827-345-182-558-215-794-879-189-761,us-strikes-iran-by,No,1,ZRGyoyo,720.0,5280.0,559.7637099672132,61,51,9,1181.3711,Low Risk
0x98fbafc00de1b8ba747047835fce1b4c0f5eb06d,BUY,0x3488f31e6449f9803f99a8b5dd232c7ad883637f1c86e6953305a2ef19c77f20,4704.49,0.14,1772261271,"US strikes Iran by February 28, 2026?",us-strikes-iran-by-february-28-2026-227-967-547-688-589-491-592-418-452-924-384-915-464-672-196-157-993-596-269-535-381-391-471-256-988-997-296-225-762-973-292-827-345-182-558-215-794-879-189-761,us-strikes-iran-by,No,1,odifof,658.6286,4045.8614,781.5558146169999,1629,1428,200,1002.6273900000014,Low Risk
0xb4253ed325dcf080cb3d5a2e62470922cddfc80b,BUY,0x3488f31e6449f9803f99a8b5dd232c7ad883637f1c86e6953305a2ef19c77f20,5000.0,0.11,1772261331,"US strikes Iran by February 28, 2026?",us-strikes-iran-by-february-28-2026-227-967-547-688-589-491-592-418-452-924-384-915-464-672-196-157-993-596-269-535-381-391-471-256-988-997-296-225-762-973-292-827-345-182-558-215-794-879-189-761,us-strikes-iran-by,No,1,0xb4253eD325dCf080cB3D5a2e62470922cDDFC80B-1761222442262,550.0,4450.0,1798.1773459746837,79,72,6,5099.281116200002,Low Risk
0x6d9fc316c3b8377060a44b852ba664adbfd59790,BUY,0x3488f31e6449f9803f99a8b5dd232c7ad883637f1c86e6953305a2ef19c77f20,3221.94,0.13,1772261241,"US strikes Iran by February 28, 2026?",us-strikes-iran-by-february-28-2026-227-967-547-688-589-491-592-418-452-924-384-915-464-672-196-157-993-596-269-535-381-391-471-256-988-997-296-225-762-973-292-827-345-182-558-215-794-879-189-761,us-strikes-iran-by,No,1,MEPP,418.8522,2803.0878000000002,941.2873299449999,2998,2779,218,1957.963070000001,Low Risk
0x740e5d5a8698155b13c4d34f7f131352ae222440,BUY,0x3488f31e6449f9803f99a8b5dd232c7ad883637f1c86e6953305a2ef19c77f20,3076.923075,0.12999999975625,1772261203,"US strikes Iran by February 28, 2026?",us-strikes-iran-by-february-28-2026-227-967-547-688-589-491-592-418-452-924-384-915-464-672-196-157-993-596-269-535-381-391-471-256-988-997-296-225-762-973-292-827-345-182-558-215-794-879-189-761,us-strikes-iran-by,No,1,jsjsusuuu7,399.99999900000006,2676.923076,654.8757370750001,240,237,2,1175.0813120000005,Low Risk
0x01a0aa3437899e329b0349940b00512d79156d87,BUY,0x3488f31e6449f9803f99a8b5dd232c7ad883637f1c86e6953305a2ef19c77f20,3066.45,0.11,1772261405,"US strikes Iran by February 28, 2026?",us-strikes-iran-by-february-28-2026-227-967-547-688-589-491-592-418-452-924-384-915-464-672-196-157-993-596-269-535-381-391-471-256-988-997-296-225-762-973-292-827-345-182-558-215-794-879-189-761,us-strikes-iran-by,No,1,lichong358,337.30949999999996,2729.1405,3281.6861436363633,11,0,10,4066.6666659999996,High Risk
0xf0ed9e68e6cd3ee712260abeaec32de56a7d47d8,BUY,0x3488f31e6449f9803f99a8b5dd232c7ad883637f1c86e6953305a2ef19c77f20,2936.96,0.11,1772261347,"US strikes Iran by February 28, 2026?",us-strikes-iran-by-february-28-2026-227-967-547-688-589-491-592-418-452-924-384-915-464-672-196-157-993-596-269-535-381-391-471-256-988-997-296-225-762-973-292-827-345-182-558-215-794-879-189-761,us-strikes-iran-by,No,1,LinaBell,323.0656,2613.8944,798.603344521,4000,3788,211,1998.2540450000001,Low Risk
0x740e5d5a8698155b13c4d34f7f131352ae222440,BUY,0x3488f31e6449f9803f99a8b5dd232c7ad883637f1c86e6953305a2ef19c77f20,2142.857141,0.1399999996546666,1772261213,"US strikes Iran by February 28, 2026?",us-strikes-iran-by-february-28-2026-227-967-547-688-589-491-592-418-452-924-384-915-464-672-196-157-993-596-269-535-381-391-471-256-988-997-296-225-762-973-292-827-345-182-558-215-794-879-189-761,us-strikes-iran-by,No,1,jsjsusuuu7,299.999999,1842.857142,1167.401137893617,47,4,42,1425.4646399999983,Low Risk
0x5f308eb68c57894fd76075d149b861d9127deeb6,BUY,0x3488f31e6449f9803f99a8b5dd232c7ad883637f1c86e6953305a2ef19c77f20,2429.67,0.11,1772261297,"US strikes Iran by February 28, 2026?",us-strikes-iran-by-february-28-2026-227-967-547-688-589-491-592-418-452-924-384-915-464-672-196-157-993-596-269-535-381-391-471-256-988-997-296-225-762-973-292-827-345-182-558-215-794-879-189-761,us-strikes-iran-by,No,1,sisi18,267.26370000000003,2162.4063,350.0202300654546,825,805,19,650.6514834000008,Low Risk
0xb194c814b1bb93657ae233aa98fe9f9467b01063,BUY,0x3488f31e6449f9803f99a8b5dd232c7ad883637f1c86e6953305a2ef19c77f20,2398.909089,0.1099999996706836,1772261417,"US strikes Iran by February 28, 2026?",us-strikes-iran-by-february-28-2026-227-967-547-688-589-491-592-418-452-924-384-915-464-672-196-157-993-596-269-535-381-391-471-256-988-997-296-225-762-973-292-827-345-182-558-215-794-879-189-761,us-strikes-iran-by,No,1,procedaman,263.87999900000005,2135.0290900000005,3281.6861436363633,11,1,9,4066.6666659999996,Low Risk
0xf769c6390f6d564fe4859effbddb682c62660114,BUY,0x3488f31e6449f9803f99a8b5dd232c7ad883637f1c86e6953305a2ef19c77f20,2000.0,0.13,1772261203,"US strikes Iran by February 28, 2026?",us-strikes-iran-by-february-28-2026-227-967-547-688-589-491-592-418-452-924-384-915-464-672-196-157-993-596-269-535-381-391-471-256-988-997-296-225-762-973-292-827-345-182-558-215-794-879-189-761,us-strikes-iran-by,No,1,MrMarket,260.0,1740.0,803.6371842867645,408,382,25,1920.402055,Low Risk
0x1d7fde668dd56ace7c3c2219e88f5bd4c663a878,BUY,0x3488f31e6449f9803f99a8b5dd232c7ad883637f1c86e6953305a2ef19c77f20,2000.0,0.12,1772261377,"US strikes Iran by February 28, 2026?",us-strikes-iran-by-february-28-2026-227-967-547-688-589-491-592-418-452-924-384-915-464-672-196-157-993-596-269-535-381-391-471-256-988-997-296-225-762-973-292-827-345-182-558-215-794-879-189-761,us-strikes-iran-by,No,1,Obilic,240.0,1760.0,1251.9994357456142,798,627,170,2056.1720040000005,Low Risk
0xab19716584931d81cd9e7763402673a64baa4876,BUY,0xbfa45527ec959aacc36f7c312bd4f328171a7681ef1aeb3a7e34db5fb47d3f1d,4034.4,0.83,1767429531,Maduro in U.S. custody by January 31?,maduro-in-us-custody-by-january-31,maduro-in-us-custody-by-january-31,No,1,SlenderMan,3348.552,685.848,562.461728598,2560,2062,496,1500.0006,Low Risk
0xab19716584931d81cd9e7763402673a64baa4876,BUY,0xbfa45527ec959aacc36f7c312bd4f328171a7681ef1aeb3a7e34db5fb47d3f1d,2020.0,0.845049504950495,1767427451,Maduro in U.S. custody by January 31?,maduro-in-us-custody-by-january-31,maduro-in-us-custody-by-january-31,No,1,SlenderMan,1707.0,313.0,562.461728598,2560,2062,496,1500.0006,Low Risk
0x83a296505eb520c9d35823571204ced41fd69452,BUY,0xbfa45527ec959aacc36f7c312bd4f328171a7681ef1aeb3a7e34db5fb47d3f1d,13184.53,0.1150386930743833,1767432107,Maduro in U.S. custody by January 31?,maduro-in-us-custody-by-january-31,maduro-in-us-custody-by-january-31,Yes,0,.jeet,1516.7311,11667.798900000002,139.68843868148147,675,352,322,99.9,Low Risk
0x83a296505eb520c9d35823571204ced41fd69452,BUY,0xbfa45527ec959aacc36f7c312bd4f328171a7681ef1aeb3a7e34db5fb47d3f1d,6055.0,0.143889347646573,1767432107,Maduro in U.S. custody by January 31?,maduro-in-us-custody-by-january-31,maduro-in-us-custody-by-january-31,Yes,0,.jeet,871.25,5183.750000000001,410.2091040160001,4000,1305,2694,999.4775328000001,Low Risk
0xd5ccdf772f795547e299de57f47966e24de8dea4,BUY,0xbfa45527ec959aacc36f7c312bd4f328171a7681ef1aeb3a7e34db5fb47d3f1d,849.72,0.84,1767429605,Maduro in U.S. custody by January 31?,maduro-in-us-custody-by-january-31,maduro-in-us-custody-by-january-31,No,1,tsybka,713.7648,135.9552,3588.5623189400003,4000,3764,235,8609.764900000002,Low Risk
0xfd2b117412a698f322b0cd18d6827dad262b8e50,BUY,0xbfa45527ec959aacc36f7c312bd4f328171a7681ef1aeb3a7e34db5fb47d3f1d,2005.0,0.26,1767432115,Maduro in U.S. custody by January 31?,maduro-in-us-custody-by-january-31,maduro-in-us-custody-by-january-31,Yes,0,surf,521.3000000000001,1483.6999999999998,562.461728598,2560,2064,495,1500.0006,Low Risk
0xe7387473b067235436884d16799777cf279edf65,BUY,0xbfa45527ec959aacc36f7c312bd4f328171a7681ef1aeb3a7e34db5fb47d3f1d,2354.0,0.192068054375531,1767428093,Maduro in U.S. custody by January 31?,maduro-in-us-custody-by-january-31,maduro-in-us-custody-by-january-31,Yes,0,Huludubu,452.1282,1901.8718,3588.5623189400003,4000,3763,236,8609.764900000002,Low Risk
0x77e595582f4509ff3672c58c143e44bddcc2ec41,BUY,0xbfa45527ec959aacc36f7c312bd4f328171a7681ef1aeb3a7e34db5fb47d3f1d,500.0,0.77,1767432271,Maduro in U.S. custody by January 31?,maduro-in-us-custody-by-january-31,maduro-in-us-custody-by-january-31,Yes,0,88888888888888888,385.0,115.0,222.082791416,4000,2917,1082,540.04995,Low Risk
0x388e27b4086e9a38e561165e613614dbab332078,BUY,0xbfa45527ec959aacc36f7c312bd4f328171a7681ef1aeb3a7e34db5fb47d3f1d,447.0,0.82,1767429227,Maduro in U.S. custody by January 31?,maduro-in-us-custody-by-january-31,maduro-in-us-custody-by-january-31,No,1,Oleg2,366.54,80.46000000000004,614.62293501,4000,0,4000,1100.6100000000006,Low Risk
0x588ce22fb2bf698e5a3f61447a44b3afe0ad1bf4,BUY,0xbfa45527ec959aacc36f7c312bd4f328171a7681ef1aeb3a7e34db5fb47d3f1d,400.0,0.82,1767428807,Maduro in U.S. custody by January 31?,maduro-in-us-custody-by-january-31,maduro-in-us-custody-by-january-31,No,1,Drunken-Mentat,328.0,72.0,2001.7161115640765,991,794,196,3563.1,Low Risk
0x4b7a030f067a7252182464be7b790af76903c218,BUY,0xbfa45527ec959aacc36f7c312bd4f328171a7681ef1aeb3a7e34db5fb47d3f1d,2247.18,0.11,1767430869,Maduro in U.S. custody by January 31?,maduro-in-us-custody-by-january-31,maduro-in-us-custody-by-january-31,Yes,0,9ANDA,247.1898,1999.9901999999997,124.02019944444444,9,1,7,417.48068900000004,Low Risk
0xfd2b117412a698f322b0cd18d6827dad262b8e50,BUY,0xbfa45527ec959aacc36f7c312bd4f328171a7681ef1aeb3a7e34db5fb47d3f1d,1111.91,0.2203385166065598,1767432113,Maduro in U.S. custody by January 31?,maduro-in-us-custody-by-january-31,maduro-in-us-custody-by-january-31,Yes,0,surf,244.9966,866.9134000000001,3588.5623189400003,4000,3762,237,8609.764900000002,Low Risk
0x83a296505eb520c9d35823571204ced41fd69452,BUY,0xbfa45527ec959aacc36f7c312bd4f328171a7681ef1aeb3a7e34db5fb47d3f1d,1377.22,0.16,1767432113,Maduro in U.S. custody by January 31?,maduro-in-us-custody-by-january-31,maduro-in-us-custody-by-january-31,Yes,0,.jeet,220.3552,1156.8648,675.06618443,1691,1387,303,1525.29495,Low Risk
0x437b91c5863bec6586af33dcabb640c58f200ba4,BUY,0xbfa45527ec959aacc36f7c312bd4f328171a7681ef1aeb3a7e34db5fb47d3f1d,209.36,0.83,1767428693,Maduro in U.S. custody by January 31?,maduro-in-us-custody-by-january-31,maduro-in-us-custody-by-january-31,No,1,greendumper,173.7688,35.591200000000015,2001.7161115640765,991,784,206,3563.1,Low Risk
0x4a558d58ea755055069489ff4332e7c91d811272,BUY,0xbfa45527ec959aacc36f7c312bd4f328171a7681ef1aeb3a7e34db5fb47d3f1d,201.0,0.82,1767428793,Maduro in U.S. custody by January 31?,maduro-in-us-custody-by-january-31,maduro-in-us-custody-by-january-31,No,1,BrianBowman7892,164.82,36.18000000000001,1376.1798783932852,417,115,299,3721.5778120000095,Low Risk
0x641b56cd1de69da37e9bfefeddc7b277341c5433,BUY,0xbfa45527ec959aacc36f7c312bd4f328171a7681ef1aeb3a7e34db5fb47d3f1d,262.28,0.6267942656702761,1767432167,Maduro in U.S. custody by January 31?,maduro-in-us-custody-by-january-31,maduro-in-us-custody-by-january-31,Yes,0,Newsance,164.3956,97.88439999999997,655.3200002460001,3402,2741,660,1671.89613,Low Risk
0x39d0f1dca6fb7e5514858c1a337724a426764fe8,BUY,0xbfa45527ec959aacc36f7c312bd4f328171a7681ef1aeb3a7e34db5fb47d3f1d,1000.0,0.16,1767427995,Maduro in U.S. custody by January 31?,maduro-in-us-custody-by-january-31,maduro-in-us-custody-by-january-31,Yes,0,kekkone,160.0,840.0,38.6542495909592,907,745,161,92.31780279999992,Low Risk
0x300f731f044a7fe9e50daab6f9fc3f319b61d366,BUY,0xbfa45527ec959aacc36f7c312bd4f328171a7681ef1aeb3a7e34db5fb47d3f1d,235.0,0.5314893617021277,1767432273,Maduro in U.S. custody by January 31?,maduro-in-us-custody-by-january-31,maduro-in-us-custody-by-january-31,No,1,Crazykekbr,124.9,110.1,34.892953028,2030,1789,240,83.24647,Low Risk
0xa97e43db0a4a6007899abf75817c452d5a7224ff,BUY,0xbfa45527ec959aacc36f7c312bd4f328171a7681ef1aeb3a7e34db5fb47d3f1d,900.0,0.13,1767430407,Maduro in U.S. custody by January 31?,maduro-in-us-custody-by-january-31,maduro-in-us-custody-by-january-31,Yes,0,0xA97e43Db0a4A6007899abf75817c452d5a7224ff-1738522326367,117.0,783.0,1376.1798783932852,417,115,299,3721.5778120000095,Low Risk
0x641b56cd1de69da37e9bfefeddc7b277341c5433,BUY,0xbfa45527ec959aacc36f7c312bd4f328171a7681ef1aeb3a7e34db5fb47d3f1d,285.31,0.3988500227822368,1767432167,Maduro in U.S. custody by January 31?,maduro-in-us-custody-by-january-31,maduro-in-us-custody-by-january-31,Yes,0,Newsance,113.7959,171.5141,119.17931922199999,1224,1072,151,196.22000000000006,Low Risk
0x65ab43bd955738c9c0a5d1fbdd3f30bbdcae2e0f,BUY,0xbfa45527ec959aacc36f7c312bd4f328171a7681ef1aeb3a7e34db5fb47d3f1d,526.315788,0.1899999986319999,1767429367,Maduro in U.S. custody by January 31?,maduro-in-us-custody-by-january-31,maduro-in-us-custody-by-january-31,Yes,0,VenezuelaFree,99.999999,426.31578900000005,91.855313773208,851,663,187,195.0,Low Risk
0x12d10ec5166599676f2288155019a938138084ea,BUY,0xbfa45527ec959aacc36f7c312bd4f328171a7681ef1aeb3a7e34db5fb47d3f1d,125.4428,0.7349963489335378,1767432275,Maduro in U.S. custody by January 31?,maduro-in-us-custody-by-january-31,maduro-in-us-custody-by-january-31,Yes,0,egormzv,92.2,33.2428,57.63177298245614,342,251,90,161.52500000000015,Low Risk
0x357ecb1969b0a288d37e6a28223e620ef2082a0c,BUY,0xbfa45527ec959aacc36f7c312bd4f328171a7681ef1aeb3a7e34db5fb47d3f1d,399.0,0.18,1767428849,Maduro in U.S. custody by January 31?,maduro-in-us-custody-by-january-31,maduro-in-us-custody-by-january-31,Yes,0,MasonsConqueredRome,71.82,327.18,64.909606774,1099,413,685,138.18999000000005,Low Risk
0xfd2b117412a698f322b0cd18d6827dad262b8e50,BUY,0xbfa45527ec959aacc36f7c312bd4f328171a7681ef1aeb3a7e34db5fb47d3f1d,404.76,0.1638294297855519,1767432111,Maduro in U.S. custody by January 31?,maduro-in-us-custody-by-january-31,maduro-in-us-custody-by-january-31,Yes,0,surf,66.3116,338.4484,54.42799436697247,109,103,5,187.9984736,Low Risk
