proxyWallet,side,conditionId,size,price,timestamp,title,slug,eventSlug,outcome,outcomeIndex,name,total_trade_value
0x3a55b0c45449b955e43ec10734bd988bb5d1394e,SELL,0x4e4bf0d1ded2a10390c862a2b382ca9cc7af716acd7fddcf98de7e5712c802e2,2375.28,0.9943708825906841,1739177037,Will there be a streaker?,will-there-be-a-streaker-at-super-bowl-lix,will-there-be-a-streaker-at-super-bowl-lix,No,1,faalele4lobotomy,2361.90927
0xa14b10b083b4ab5bfd0d80c749fb0a01d50cb944,BUY,0x4e4bf0d1ded2a10390c862a2b382ca9cc7af716acd7fddcf98de7e5712c802e2,2043.4,0.9989606391308603,1739181774,Will there be a streaker?,will-there-be-a-streaker-at-super-bowl-lix,will-there-be-a-streaker-at-super-bowl-lix,No,1,🔥DumfuqDecrap🔥CHEATSatWORDLE🔥,2041.27617
0x49d5360f86c5c49f08942300776d5cafe0f32e07,BUY,0x4e4bf0d1ded2a10390c862a2b382ca9cc7af716acd7fddcf98de7e5712c802e2,2045.65,0.7468291741011415,1739094187,Will there be a streaker?,will-there-be-a-streaker-at-super-bowl-lix,will-there-be-a-streaker-at-super-bowl-lix,No,1,Bitman0101,1527.7511000000002
0x3a55b0c45449b955e43ec10734bd988bb5d1394e,BUY,0x4e4bf0d1ded2a10390c862a2b382ca9cc7af716acd7fddcf98de7e5712c802e2,1118.9,0.9866902314773438,1739157587,Will there be a streaker?,will-there-be-a-streaker-at-super-bowl-lix,will-there-be-a-streaker-at-super-bowl-lix,No,1,faalele4lobotomy,1104.0077
0x3a55b0c45449b955e43ec10734bd988bb5d1394e,BUY,0x4e4bf0d1ded2a10390c862a2b382ca9cc7af716acd7fddcf98de7e5712c802e2,1006.34,0.9965905856867461,1739167170,Will there be a streaker?,will-there-be-a-streaker-at-super-bowl-lix,will-there-be-a-streaker-at-super-bowl-lix,No,1,faalele4lobotomy,1002.9089700000001
0xecaa8806a9a05049d7d5260a33dc924220e377a9,BUY,0x4e4bf0d1ded2a10390c862a2b382ca9cc7af716acd7fddcf98de7e5712c802e2,1299.0,0.75,1739069181,Will there be a streaker?,will-there-be-a-streaker-at-super-bowl-lix,will-there-be-a-streaker-at-super-bowl-lix,No,1,Melody626,974.25
0x68163e00a9e4987d0bd53905fa673acb51a8b693,BUY,0x4e4bf0d1ded2a10390c862a2b382ca9cc7af716acd7fddcf98de7e5712c802e2,1233.24,0.7756212902598034,1738855635,Will there be a streaker?,will-there-be-a-streaker-at-super-bowl-lix,will-there-be-a-streaker-at-super-bowl-lix,No,1,JoshuaHendrickson,956.5272
0xecaa8806a9a05049d7d5260a33dc924220e377a9,BUY,0x4e4bf0d1ded2a10390c862a2b382ca9cc7af716acd7fddcf98de7e5712c802e2,1252.3,0.7286372275013975,1739039408,Will there be a streaker?,will-there-be-a-streaker-at-super-bowl-lix,will-there-be-a-streaker-at-super-bowl-lix,No,1,Melody626,912.4724
0x626cb962e3c367c7f701b98bfd2b75ab722e12a6,BUY,0x4e4bf0d1ded2a10390c862a2b382ca9cc7af716acd7fddcf98de7e5712c802e2,815.64,0.999,1739174159,Will there be a streaker?,will-there-be-a-streaker-at-super-bowl-lix,will-there-be-a-streaker-at-super-bowl-lix,No,1,JAMTICH,814.82436
0x4cc3522b689a6bf1fb4a2444c523e7776db47552,BUY,0x4e4bf0d1ded2a10390c862a2b382ca9cc7af716acd7fddcf98de7e5712c802e2,735.68,0.999,1739197896,Will there be a streaker?,will-there-be-a-streaker-at-super-bowl-lix,will-there-be-a-streaker-at-super-bowl-lix,No,1,CrunchWrapoDeLaFuente,734.94432
0x3206e6277d40456bab26cd07d0e4ad34032acd86,BUY,0x4e4bf0d1ded2a10390c862a2b382ca9cc7af716acd7fddcf98de7e5712c802e2,628.0,0.999,1739167876,Will there be a streaker?,will-there-be-a-streaker-at-super-bowl-lix,will-there-be-a-streaker-at-super-bowl-lix,No,1,pokgaikid,627.372
0x3206e6277d40456bab26cd07d0e4ad34032acd86,SELL,0x4e4bf0d1ded2a10390c862a2b382ca9cc7af716acd7fddcf98de7e5712c802e2,628.0,0.995,1739196808,Will there be a streaker?,will-there-be-a-streaker-at-super-bowl-lix,will-there-be-a-streaker-at-super-bowl-lix,No,1,pokgaikid,624.86
0x626cb962e3c367c7f701b98bfd2b75ab722e12a6,BUY,0x4e4bf0d1ded2a10390c862a2b382ca9cc7af716acd7fddcf98de7e5712c802e2,596.33,0.998,1739177787,Will there be a streaker?,will-there-be-a-streaker-at-super-bowl-lix,will-there-be-a-streaker-at-super-bowl-lix,No,1,JAMTICH,595.13734
0x22de3c87b4f3f83b461d1a22870144c179fb5ab7,BUY,0x4e4bf0d1ded2a10390c862a2b382ca9cc7af716acd7fddcf98de7e5712c802e2,1375.541024,0.3815371478153748,1739139331,Will there be a streaker?,will-there-be-a-streaker-at-super-bowl-lix,will-there-be-a-streaker-at-super-bowl-lix,Yes,0,cryptohollic,524.819999
0x2510e8e5e2b82b9cbfa6966487875be3a6ae87a5,BUY,0x4e4bf0d1ded2a10390c862a2b382ca9cc7af716acd7fddcf98de7e5712c802e2,633.293107,0.7105714463429332,1739142318,Will there be a streaker?,will-there-be-a-streaker-at-super-bowl-lix,will-there-be-a-streaker-at-super-bowl-lix,No,1,captainkurt,449.99999899999995
0x626cb962e3c367c7f701b98bfd2b75ab722e12a6,BUY,0x4e4bf0d1ded2a10390c862a2b382ca9cc7af716acd7fddcf98de7e5712c802e2,414.0,0.999,1739177795,Will there be a streaker?,will-there-be-a-streaker-at-super-bowl-lix,will-there-be-a-streaker-at-super-bowl-lix,No,1,JAMTICH,413.586
0x5f41a1a64b8dbccf3c8559384b599f52c1dc83f5,SELL,0x4e4bf0d1ded2a10390c862a2b382ca9cc7af716acd7fddcf98de7e5712c802e2,406.0,0.999,1739206748,Will there be a streaker?,will-there-be-a-streaker-at-super-bowl-lix,will-there-be-a-streaker-at-super-bowl-lix,No,1,NotBaseG,405.594
0x31436bde35c25c3714e0c3e7fbd14a22107581b1,BUY,0x4e4bf0d1ded2a10390c862a2b382ca9cc7af716acd7fddcf98de7e5712c802e2,523.81,0.7444292777915656,1738838151,Will there be a streaker?,will-there-be-a-streaker-at-super-bowl-lix,will-there-be-a-streaker-at-super-bowl-lix,No,1,yyyyyyy,389.93949999999995
0xe70ab7d438d9b9e45687134a9b3429881c3c6de8,BUY,0x4e4bf0d1ded2a10390c862a2b382ca9cc7af716acd7fddcf98de7e5712c802e2,1269.91,0.30464599853532925,1739129539,Will there be a streaker?,will-there-be-a-streaker-at-super-bowl-lix,will-there-be-a-streaker-at-super-bowl-lix,Yes,0,ChrisH10,386.873
0x6f40bd79f70ca03c59d7318dfebe22e65b55eb64,BUY,0x4e4bf0d1ded2a10390c862a2b382ca9cc7af716acd7fddcf98de7e5712c802e2,1250.0,0.29,1739114781,Will there be a streaker?,will-there-be-a-streaker-at-super-bowl-lix,will-there-be-a-streaker-at-super-bowl-lix,Yes,0,Fuentes31,362.5
0x22de3c87b4f3f83b461d1a22870144c179fb5ab7,BUY,0x4e4bf0d1ded2a10390c862a2b382ca9cc7af716acd7fddcf98de7e5712c802e2,855.358973,0.37947810129537274,1739137343,Will there be a streaker?,will-there-be-a-streaker-at-super-bowl-lix,will-there-be-a-streaker-at-super-bowl-lix,Yes,0,cryptohollic,324.589999
0xb10047d6a254b2ebb306d7a7d13bf59171ab6461,BUY,0x4e4bf0d1ded2a10390c862a2b382ca9cc7af716acd7fddcf98de7e5712c802e2,403.0,0.71,1738989078,Will there be a streaker?,will-there-be-a-streaker-at-super-bowl-lix,will-there-be-a-streaker-at-super-bowl-lix,No,1,Parz1vaI,286.13
0x5a88015c61111c466bbbbe027b0769db05dfd053,BUY,0x4e4bf0d1ded2a10390c862a2b382ca9cc7af716acd7fddcf98de7e5712c802e2,951.866665,0.29999999947471634,1739128120,Will there be a streaker?,will-there-be-a-streaker-at-super-bowl-lix,will-there-be-a-streaker-at-super-bowl-lix,Yes,0,ralphsch,285.559999
0x975be0173dbbc98c457dedd6f5dacec77e852d5f,BUY,0x4e4bf0d1ded2a10390c862a2b382ca9cc7af716acd7fddcf98de7e5712c802e2,397.0,0.7,1739143634,Will there be a streaker?,will-there-be-a-streaker-at-super-bowl-lix,will-there-be-a-streaker-at-super-bowl-lix,No,1,Malllory,277.9
0x3a55b0c45449b955e43ec10734bd988bb5d1394e,BUY,0x4e4bf0d1ded2a10390c862a2b382ca9cc7af716acd7fddcf98de7e5712c802e2,250.04,0.99,1739157631,Will there be a streaker?,will-there-be-a-streaker-at-super-bowl-lix,will-there-be-a-streaker-at-super-bowl-lix,No,1,faalele4lobotomy,247.53959999999998
0xb47e0ebd655e6b0190a26b2814a9a2282dc0c602,BUY,0x4e4bf0d1ded2a10390c862a2b382ca9cc7af716acd7fddcf98de7e5712c802e2,1069.0,0.230677736202058,1738883990,Will there be a streaker?,will-there-be-a-streaker-at-super-bowl-lix,will-there-be-a-streaker-at-super-bowl-lix,Yes,0,PMMMR,246.5945
0x845d49f76ef2567f19b61d2458c6061d9144620f,BUY,0x4e4bf0d1ded2a10390c862a2b382ca9cc7af716acd7fddcf98de7e5712c802e2,672.829742,0.3299497408365161,1739135979,Will there be a streaker?,will-there-be-a-streaker-at-super-bowl-lix,will-there-be-a-streaker-at-super-bowl-lix,Yes,0,bravelab,221.999999
0x7cb7fb27ccfac8bf4ebd0cec611fd915cfb1fa61,BUY,0x4e4bf0d1ded2a10390c862a2b382ca9cc7af716acd7fddcf98de7e5712c802e2,751.14729,0.2928852994996494,1738946918,Will there be a streaker?,will-there-be-a-streaker-at-super-bowl-lix,will-there-be-a-streaker-at-super-bowl-lix,Yes,0,lightwan,219.99999900000003
0xfdd35b0a3b4834dd4d397287f8359047b3aa3cb7,BUY,0x4e4bf0d1ded2a10390c862a2b382ca9cc7af716acd7fddcf98de7e5712c802e2,214.67,0.999,1739173246,Will there be a streaker?,will-there-be-a-streaker-at-super-bowl-lix,will-there-be-a-streaker-at-super-bowl-lix,No,1,KENDAWG,214.45532999999998
0x7dceefb8bc7f955b913ae84cbb42b9597ef238ec,BUY,0x4e4bf0d1ded2a10390c862a2b382ca9cc7af716acd7fddcf98de7e5712c802e2,243.902438,0.819999999344,1738861175,Will there be a streaker?,will-there-be-a-streaker-at-super-bowl-lix,will-there-be-a-streaker-at-super-bowl-lix,No,1,Saruman77,199.999999
0x0c1d2a3afecede19510b87e4a0cf1477e4ecebd0,BUY,0x4e4bf0d1ded2a10390c862a2b382ca9cc7af716acd7fddcf98de7e5712c802e2,729.82107,0.2740397711455494,1739071037,Will there be a streaker?,will-there-be-a-streaker-at-super-bowl-lix,will-there-be-a-streaker-at-super-bowl-lix,Yes,0,Boachfest,199.99999899999997
0x3892b6937dc02585d7453f0c80bb9416d42fbccd,BUY,0x4e4bf0d1ded2a10390c862a2b382ca9cc7af716acd7fddcf98de7e5712c802e2,304.4,0.65,1738978324,Will there be a streaker?,will-there-be-a-streaker-at-super-bowl-lix,will-there-be-a-streaker-at-super-bowl-lix,No,1,landonfm,197.85999999999999
0x8933f5f03dc40ff5a85d812d2bf90a161482dd2b,BUY,0x4e4bf0d1ded2a10390c862a2b382ca9cc7af716acd7fddcf98de7e5712c802e2,665.76724,0.2854601241719253,1739113363,Will there be a streaker?,will-there-be-a-streaker-at-super-bowl-lix,will-there-be-a-streaker-at-super-bowl-lix,Yes,0,Hammond2,190.04999899999999
0x31436bde35c25c3714e0c3e7fbd14a22107581b1,BUY,0x4e4bf0d1ded2a10390c862a2b382ca9cc7af716acd7fddcf98de7e5712c802e2,281.67,0.65,1738954414,Will there be a streaker?,will-there-be-a-streaker-at-super-bowl-lix,will-there-be-a-streaker-at-super-bowl-lix,No,1,yyyyyyy,183.08550000000002
0x33bcb6e9bd44be709122b2940c55e34f1a7e37dc,BUY,0x4e4bf0d1ded2a10390c862a2b382ca9cc7af716acd7fddcf98de7e5712c802e2,268.51,0.6672075527913299,1739139101,Will there be a streaker?,will-there-be-a-streaker-at-super-bowl-lix,will-there-be-a-streaker-at-super-bowl-lix,No,1,StudyPrediction,179.15189999999998
0x0416784b3043c5e1897f8084d74cc4e123ec2993,SELL,0x4e4bf0d1ded2a10390c862a2b382ca9cc7af716acd7fddcf98de7e5712c802e2,178.92,0.9980485133020345,1739196458,Will there be a streaker?,will-there-be-a-streaker-at-super-bowl-lix,will-there-be-a-streaker-at-super-bowl-lix,No,1,amcritchie,178.57084
0x68ba46794d51f6af3e0497a7667ff53929895ba6,BUY,0x4e4bf0d1ded2a10390c862a2b382ca9cc7af716acd7fddcf98de7e5712c802e2,178.68,0.999,1739173771,Will there be a streaker?,will-there-be-a-streaker-at-super-bowl-lix,will-there-be-a-streaker-at-super-bowl-lix,No,1,NIK000CHU,178.50132
0x31436bde35c25c3714e0c3e7fbd14a22107581b1,BUY,0x4e4bf0d1ded2a10390c862a2b382ca9cc7af716acd7fddcf98de7e5712c802e2,222.84,0.7222464548555017,1738961272,Will there be a streaker?,will-there-be-a-streaker-at-super-bowl-lix,will-there-be-a-streaker-at-super-bowl-lix,No,1,yyyyyyy,160.94539999999998
0xb10047d6a254b2ebb306d7a7d13bf59171ab6461,BUY,0x4e4bf0d1ded2a10390c862a2b382ca9cc7af716acd7fddcf98de7e5712c802e2,236.0,0.6795762711864407,1738972444,Will there be a streaker?,will-there-be-a-streaker-at-super-bowl-lix,will-there-be-a-streaker-at-super-bowl-lix,No,1,Parz1vaI,160.38
0x31436bde35c25c3714e0c3e7fbd14a22107581b1,BUY,0x4e4bf0d1ded2a10390c862a2b382ca9cc7af716acd7fddcf98de7e5712c802e2,200.0,0.8,1738792050,Will there be a streaker?,will-there-be-a-streaker-at-super-bowl-lix,will-there-be-a-streaker-at-super-bowl-lix,No,1,yyyyyyy,160.0
0x9de9a4199a6a46378f7b39259695da05e2daac68,BUY,0x4e4bf0d1ded2a10390c862a2b382ca9cc7af716acd7fddcf98de7e5712c802e2,513.0,0.3,1739124190,Will there be a streaker?,will-there-be-a-streaker-at-super-bowl-lix,will-there-be-a-streaker-at-super-bowl-lix,Yes,0,Aaron4795,153.9
0x112050ebcea6c31e623a4f12a063e826bc329a5b,SELL,0x4e4bf0d1ded2a10390c862a2b382ca9cc7af716acd7fddcf98de7e5712c802e2,153.03,0.999,1739204219,Will there be a streaker?,will-there-be-a-streaker-at-super-bowl-lix,will-there-be-a-streaker-at-super-bowl-lix,No,1,0x112050EbCEa6C31E623a4f12a063E826Bc329A5B-1736706293427,152.87697
0x85994963b9a515126d47fe9d26993befb14dbb74,BUY,0x4e4bf0d1ded2a10390c862a2b382ca9cc7af716acd7fddcf98de7e5712c802e2,551.379641,0.2738584956204431,1739107391,Will there be a streaker?,will-there-be-a-streaker-at-super-bowl-lix,will-there-be-a-streaker-at-super-bowl-lix,Yes,0,GutterGangster,150.999999
0x7c3db723f1d4d8cb9c550095203b686cb11e5c6b,BUY,0x4e4bf0d1ded2a10390c862a2b382ca9cc7af716acd7fddcf98de7e5712c802e2,500.0,0.29,1739122432,Will there be a streaker?,will-there-be-a-streaker-at-super-bowl-lix,will-there-be-a-streaker-at-super-bowl-lix,Yes,0,Car,145.0
0x5daecbdddd565fe1ca179880291f2af931adbaf5,BUY,0x4e4bf0d1ded2a10390c862a2b382ca9cc7af716acd7fddcf98de7e5712c802e2,134.23,0.998,1739176881,Will there be a streaker?,will-there-be-a-streaker-at-super-bowl-lix,will-there-be-a-streaker-at-super-bowl-lix,No,1,MAYDAY,133.96153999999999
0xf1b9f44613cd7a0d08a1ea78831717cfc4272220,SELL,0x4e4bf0d1ded2a10390c862a2b382ca9cc7af716acd7fddcf98de7e5712c802e2,180.0,0.7397938888888889,1738901516,Will there be a streaker?,will-there-be-a-streaker-at-super-bowl-lix,will-there-be-a-streaker-at-super-bowl-lix,No,1,yarosss,133.1629
0xb47e0ebd655e6b0190a26b2814a9a2282dc0c602,BUY,0x4e4bf0d1ded2a10390c862a2b382ca9cc7af716acd7fddcf98de7e5712c802e2,513.0,0.2560428849902534,1738919803,Will there be a streaker?,will-there-be-a-streaker-at-super-bowl-lix,will-there-be-a-streaker-at-super-bowl-lix,Yes,0,PMMMR,131.35
0x95a22133a8b537b29f3b2ff91dc49731b48a4123,SELL,0x4e4bf0d1ded2a10390c862a2b382ca9cc7af716acd7fddcf98de7e5712c802e2,122.26,0.999,1739206680,Will there be a streaker?,will-there-be-a-streaker-at-super-bowl-lix,will-there-be-a-streaker-at-super-bowl-lix,No,1,floppydisck,122.13774000000001
0x0416784b3043c5e1897f8084d74cc4e123ec2993,BUY,0x4e4bf0d1ded2a10390c862a2b382ca9cc7af716acd7fddcf98de7e5712c802e2,178.925372,0.6699999986586587,1739137905,Will there be a streaker?,will-there-be-a-streaker-at-super-bowl-lix,will-there-be-a-streaker-at-super-bowl-lix,No,1,amcritchie,119.87999900000001
0x603e476308321b234f3b210e1f07eb5eebb5da68,BUY,0x4e4bf0d1ded2a10390c862a2b382ca9cc7af716acd7fddcf98de7e5712c802e2,400.0,0.29,1739120420,Will there be a streaker?,will-there-be-a-streaker-at-super-bowl-lix,will-there-be-a-streaker-at-super-bowl-lix,Yes,0,jigzon,115.99999999999999
0xb47e0ebd655e6b0190a26b2814a9a2282dc0c602,BUY,0x4e4bf0d1ded2a10390c862a2b382ca9cc7af716acd7fddcf98de7e5712c802e2,407.77,0.25,1738913893,Will there be a streaker?,will-there-be-a-streaker-at-super-bowl-lix,will-there-be-a-streaker-at-super-bowl-lix,Yes,0,PMMMR,101.9425
0xecaa8806a9a05049d7d5260a33dc924220e377a9,BUY,0x4e4bf0d1ded2a10390c862a2b382ca9cc7af716acd7fddcf98de7e5712c802e2,137.5,0.74,1739069127,Will there be a streaker?,will-there-be-a-streaker-at-super-bowl-lix,will-there-be-a-streaker-at-super-bowl-lix,No,1,Melody626,101.75
0xecaa8806a9a05049d7d5260a33dc924220e377a9,BUY,0x4e4bf0d1ded2a10390c862a2b382ca9cc7af716acd7fddcf98de7e5712c802e2,137.5,0.74,1739069165,Will there be a streaker?,will-there-be-a-streaker-at-super-bowl-lix,will-there-be-a-streaker-at-super-bowl-lix,No,1,Melody626,101.75
0xceb375c02d8c3723e148a38681ea8d8ba1bfe5cd,BUY,0x4e4bf0d1ded2a10390c862a2b382ca9cc7af716acd7fddcf98de7e5712c802e2,337.798,0.29603490843640284,1739122650,Will there be a streaker?,will-there-be-a-streaker-at-super-bowl-lix,will-there-be-a-streaker-at-super-bowl-lix,Yes,0,dunnyy - 22253,100.00000000000001
0xbaa3aacd40479b848b3ec25dee1bc2bd376eb35e,BUY,0x4e4bf0d1ded2a10390c862a2b382ca9cc7af716acd7fddcf98de7e5712c802e2,344.827585,0.289999998115,1739121660,Will there be a streaker?,will-there-be-a-streaker-at-super-bowl-lix,will-there-be-a-streaker-at-super-bowl-lix,Yes,0,e404ror,99.999999
0x112050ebcea6c31e623a4f12a063e826bc329a5b,BUY,0x4e4bf0d1ded2a10390c862a2b382ca9cc7af716acd7fddcf98de7e5712c802e2,153.030302,0.6534653443995686,1739140180,Will there be a streaker?,will-there-be-a-streaker-at-super-bowl-lix,will-there-be-a-streaker-at-super-bowl-lix,No,1,0x112050EbCEa6C31E623a4f12a063E826Bc329A5B-1736706293427,99.999999
0xe726214899105ebd079f1511eeec41b813702b52,BUY,0x4e4bf0d1ded2a10390c862a2b382ca9cc7af716acd7fddcf98de7e5712c802e2,370.370369,0.269999998299,1739102305,Will there be a streaker?,will-there-be-a-streaker-at-super-bowl-lix,will-there-be-a-streaker-at-super-bowl-lix,Yes,0,GenericName,99.999999
0xc40f2880d46d53e9ede7fc6a56ffb4ca91e638b1,BUY,0x4e4bf0d1ded2a10390c862a2b382ca9cc7af716acd7fddcf98de7e5712c802e2,384.615383,0.259999998492,1739051501,Will there be a streaker?,will-there-be-a-streaker-at-super-bowl-lix,will-there-be-a-streaker-at-super-bowl-lix,Yes,0,214,99.999999
0xc398df62d1f9c08e64bad13e0d913570cb1bf446,BUY,0x4e4bf0d1ded2a10390c862a2b382ca9cc7af716acd7fddcf98de7e5712c802e2,256.923075,0.38922155590734697,1739137393,Will there be a streaker?,will-there-be-a-streaker-at-super-bowl-lix,will-there-be-a-streaker-at-super-bowl-lix,Yes,0,biancoverde,99.99999899999999
0x2780f9627b9cd6eebe8048c0cdc92b4e99389ac0,BUY,0x4e4bf0d1ded2a10390c862a2b382ca9cc7af716acd7fddcf98de7e5712c802e2,254.669406,0.39266591370617954,1738957244,Will there be a streaker?,will-there-be-a-streaker-at-super-bowl-lix,will-there-be-a-streaker-at-super-bowl-lix,Yes,0,knownholistic,99.999995
0x991e631ce8ed39795d5935a78c9b0cf118c78ffb,BUY,0x4e4bf0d1ded2a10390c862a2b382ca9cc7af716acd7fddcf98de7e5712c802e2,115.77777,0.8637236060083037,1739148697,Will there be a streaker?,will-there-be-a-streaker-at-super-bowl-lix,will-there-be-a-streaker-at-super-bowl-lix,No,1,rayku,99.999993
0xa6722d45a810d56553bbbd1c8914145479630c23,BUY,0x4e4bf0d1ded2a10390c862a2b382ca9cc7af716acd7fddcf98de7e5712c802e2,149.51515,0.66,1739138711,Will there be a streaker?,will-there-be-a-streaker-at-super-bowl-lix,will-there-be-a-streaker-at-super-bowl-lix,No,1,ezmoney.eth,98.67999900000001
0x051619fbe321051c85ebff455d5fb3677b85dbc2,SELL,0x4e4bf0d1ded2a10390c862a2b382ca9cc7af716acd7fddcf98de7e5712c802e2,100.22,0.981,1739166500,Will there be a streaker?,will-there-be-a-streaker-at-super-bowl-lix,will-there-be-a-streaker-at-super-bowl-lix,No,1,QJYH,98.31582
0xdc38aaeb14319318e239877181514af517518df6,BUY,0x4e4bf0d1ded2a10390c862a2b382ca9cc7af716acd7fddcf98de7e5712c802e2,279.965347,0.3505076612213725,1738973892,Will there be a streaker?,will-there-be-a-streaker-at-super-bowl-lix,will-there-be-a-streaker-at-super-bowl-lix,Yes,0,xrp24,98.129999
0x68163e00a9e4987d0bd53905fa673acb51a8b693,BUY,0x4e4bf0d1ded2a10390c862a2b382ca9cc7af716acd7fddcf98de7e5712c802e2,123.59,0.79,1738855641,Will there be a streaker?,will-there-be-a-streaker-at-super-bowl-lix,will-there-be-a-streaker-at-super-bowl-lix,No,1,JoshuaHendrickson,97.63610000000001
0x7cc66a570765fd312538b1639d8506d5c9a5ea2b,BUY,0x4e4bf0d1ded2a10390c862a2b382ca9cc7af716acd7fddcf98de7e5712c802e2,140.39,0.6895077997008334,1739139285,Will there be a streaker?,will-there-be-a-streaker-at-super-bowl-lix,will-there-be-a-streaker-at-super-bowl-lix,No,1,opopdenejka,96.8
0x3eecdf8460fe9631de23f7f867a61d69a21d8f96,SELL,0x4e4bf0d1ded2a10390c862a2b382ca9cc7af716acd7fddcf98de7e5712c802e2,278.01,0.3287043631524046,1739134305,Will there be a streaker?,will-there-be-a-streaker-at-super-bowl-lix,will-there-be-a-streaker-at-super-bowl-lix,Yes,0,LEBRON,91.3831
0xbe9815001648b53b1f9630b15985250f6528db8e,BUY,0x4e4bf0d1ded2a10390c862a2b382ca9cc7af716acd7fddcf98de7e5712c802e2,300.0,0.3,1739122740,Will there be a streaker?,will-there-be-a-streaker-at-super-bowl-lix,will-there-be-a-streaker-at-super-bowl-lix,Yes,0,tckk,90.0
0x58e118878c2ed050dccb2e66027a4d006099553d,SELL,0x4e4bf0d1ded2a10390c862a2b382ca9cc7af716acd7fddcf98de7e5712c802e2,86.86,0.999,1739193860,Will there be a streaker?,will-there-be-a-streaker-at-super-bowl-lix,will-there-be-a-streaker-at-super-bowl-lix,No,1,Chandlerchip66,86.77314
0x31436bde35c25c3714e0c3e7fbd14a22107581b1,BUY,0x4e4bf0d1ded2a10390c862a2b382ca9cc7af716acd7fddcf98de7e5712c802e2,100.0,0.86,1738792130,Will there be a streaker?,will-there-be-a-streaker-at-super-bowl-lix,will-there-be-a-streaker-at-super-bowl-lix,No,1,yyyyyyy,86.0
0xdbc66496317ed38182c43c1ec164199f3761f2f8,BUY,0x4e4bf0d1ded2a10390c862a2b382ca9cc7af716acd7fddcf98de7e5712c802e2,85.94,0.998,1739177589,Will there be a streaker?,will-there-be-a-streaker-at-super-bowl-lix,will-there-be-a-streaker-at-super-bowl-lix,No,1,KENNYG,85.76812
0xd3989ba133ab48b5b3a81e3dba9b37b5966a46d7,BUY,0x4e4bf0d1ded2a10390c862a2b382ca9cc7af716acd7fddcf98de7e5712c802e2,402.0,0.2099502487562189,1738813316,Will there be a streaker?,will-there-be-a-streaker-at-super-bowl-lix,will-there-be-a-streaker-at-super-bowl-lix,Yes,0,semi,84.39999999999999
0x31436bde35c25c3714e0c3e7fbd14a22107581b1,BUY,0x4e4bf0d1ded2a10390c862a2b382ca9cc7af716acd7fddcf98de7e5712c802e2,119.83,0.7,1738954458,Will there be a streaker?,will-there-be-a-streaker-at-super-bowl-lix,will-there-be-a-streaker-at-super-bowl-lix,No,1,yyyyyyy,83.881
0x95a22133a8b537b29f3b2ff91dc49731b48a4123,BUY,0x4e4bf0d1ded2a10390c862a2b382ca9cc7af716acd7fddcf98de7e5712c802e2,122.261058,0.6543375242180548,1739140888,Will there be a streaker?,will-there-be-a-streaker-at-super-bowl-lix,will-there-be-a-streaker-at-super-bowl-lix,No,1,floppydisck,79.999998
0xaee7916eeba30a2bed2b4291c8147555302205e9,BUY,0x4e4bf0d1ded2a10390c862a2b382ca9cc7af716acd7fddcf98de7e5712c802e2,100.0,0.77,1738850001,Will there be a streaker?,will-there-be-a-streaker-at-super-bowl-lix,will-there-be-a-streaker-at-super-bowl-lix,No,1,BettingBoi,77.0
0x013018a95eebb34c237c6ec3a81323eba256e4c7,BUY,0x4e4bf0d1ded2a10390c862a2b382ca9cc7af716acd7fddcf98de7e5712c802e2,237.5,0.32,1739135341,Will there be a streaker?,will-there-be-a-streaker-at-super-bowl-lix,will-there-be-a-streaker-at-super-bowl-lix,Yes,0,JC7X,76.0
0x827b8a78c18825d3621652c8e556f35db64501ce,BUY,0x4e4bf0d1ded2a10390c862a2b382ca9cc7af716acd7fddcf98de7e5712c802e2,110.0,0.69,1739135129,Will there be a streaker?,will-there-be-a-streaker-at-super-bowl-lix,will-there-be-a-streaker-at-super-bowl-lix,No,1,SaudiMinisterOfHomeEntertainment,75.89999999999999
0x506f3851ab75685ea3622bf4dd9d28cacadfe8bb,BUY,0x4e4bf0d1ded2a10390c862a2b382ca9cc7af716acd7fddcf98de7e5712c802e2,100.0,0.75,1739042943,Will there be a streaker?,will-there-be-a-streaker-at-super-bowl-lix,will-there-be-a-streaker-at-super-bowl-lix,No,1,truthbeautyjustice,75.0
0x3d07417a36c63d261a9d6c38745d09a7ab3031a0,BUY,0x4e4bf0d1ded2a10390c862a2b382ca9cc7af716acd7fddcf98de7e5712c802e2,208.333332,0.35999999750399997,1739141912,Will there be a streaker?,will-there-be-a-streaker-at-super-bowl-lix,will-there-be-a-streaker-at-super-bowl-lix,Yes,0,Slaburrpisthegod,74.999999
0x3eecdf8460fe9631de23f7f867a61d69a21d8f96,BUY,0x4e4bf0d1ded2a10390c862a2b382ca9cc7af716acd7fddcf98de7e5712c802e2,278.018147,0.2697665595188648,1739067858,Will there be a streaker?,will-there-be-a-streaker-at-super-bowl-lix,will-there-be-a-streaker-at-super-bowl-lix,Yes,0,LEBRON,74.999999
0xe0f1e7751df4035f78a5eb2f4296c98b4d5bc4bd,BUY,0x4e4bf0d1ded2a10390c862a2b382ca9cc7af716acd7fddcf98de7e5712c802e2,290.0,0.2393103448275862,1738819841,Will there be a streaker?,will-there-be-a-streaker-at-super-bowl-lix,will-there-be-a-streaker-at-super-bowl-lix,Yes,0,CompulsiveGambler,69.4
0x051619fbe321051c85ebff455d5fb3677b85dbc2,BUY,0x4e4bf0d1ded2a10390c862a2b382ca9cc7af716acd7fddcf98de7e5712c802e2,100.2248,0.6884523590967505,1738968187,Will there be a streaker?,will-there-be-a-streaker-at-super-bowl-lix,will-there-be-a-streaker-at-super-bowl-lix,No,1,QJYH,69.0
0x45cc78578b082e89f21e847a3afec8d28cd26400,BUY,0x4e4bf0d1ded2a10390c862a2b382ca9cc7af716acd7fddcf98de7e5712c802e2,84.0,0.8,1738811287,Will there be a streaker?,will-there-be-a-streaker-at-super-bowl-lix,will-there-be-a-streaker-at-super-bowl-lix,No,1,Nobody23041,67.2
0x5e5bbdf8a19979c0882df641c8fda825dd63590d,BUY,0x4e4bf0d1ded2a10390c862a2b382ca9cc7af716acd7fddcf98de7e5712c802e2,100.0,0.67,1739137985,Will there be a streaker?,will-there-be-a-streaker-at-super-bowl-lix,will-there-be-a-streaker-at-super-bowl-lix,No,1,Andy-Beshear,67.0
0x33bcb6e9bd44be709122b2940c55e34f1a7e37dc,SELL,0x4e4bf0d1ded2a10390c862a2b382ca9cc7af716acd7fddcf98de7e5712c802e2,100.0,0.64,1739139379,Will there be a streaker?,will-there-be-a-streaker-at-super-bowl-lix,will-there-be-a-streaker-at-super-bowl-lix,No,1,StudyPrediction,64.0
0x6fb61aa37afa027fb808185866b385c50deeec60,SELL,0x4e4bf0d1ded2a10390c862a2b382ca9cc7af716acd7fddcf98de7e5712c802e2,234.51,0.26255383565732804,1739146461,Will there be a streaker?,will-there-be-a-streaker-at-super-bowl-lix,will-there-be-a-streaker-at-super-bowl-lix,Yes,0,howejs,61.57149999999999
0xa2ffa20b4199d5d7a064939a47a2408f6e99b8bb,BUY,0x4e4bf0d1ded2a10390c862a2b382ca9cc7af716acd7fddcf98de7e5712c802e2,206.89655,0.28999999758333334,1739122368,Will there be a streaker?,will-there-be-a-streaker-at-super-bowl-lix,will-there-be-a-streaker-at-super-bowl-lix,Yes,0,moneyrap1st,59.999999
0x68d33d80734cf96e1798267f0514a619dee5490b,BUY,0x4e4bf0d1ded2a10390c862a2b382ca9cc7af716acd7fddcf98de7e5712c802e2,171.42857,0.3499999970833333,1739139143,Will there be a streaker?,will-there-be-a-streaker-at-super-bowl-lix,will-there-be-a-streaker-at-super-bowl-lix,Yes,0,0x68D33D80734cf96e1798267f0514a619DeE5490b-1738963512412,59.999999
0x58e118878c2ed050dccb2e66027a4d006099553d,BUY,0x4e4bf0d1ded2a10390c862a2b382ca9cc7af716acd7fddcf98de7e5712c802e2,86.869383,0.6482145498834727,1738975919,Will there be a streaker?,will-there-be-a-streaker-at-super-bowl-lix,will-there-be-a-streaker-at-super-bowl-lix,No,1,Chandlerchip66,56.30999799999999
0xd46be610a32e5c6ee094977e3caf9ab89c525dab,BUY,0x4e4bf0d1ded2a10390c862a2b382ca9cc7af716acd7fddcf98de7e5712c802e2,200.0,0.27,1738839591,Will there be a streaker?,will-there-be-a-streaker-at-super-bowl-lix,will-there-be-a-streaker-at-super-bowl-lix,Yes,0,JonnieCash,54.0
0xc8ab97a9089a9ff7e6ef0688e6e591a066946418,SELL,0x4e4bf0d1ded2a10390c862a2b382ca9cc7af716acd7fddcf98de7e5712c802e2,200.0,0.27,1739124026,Will there be a streaker?,will-there-be-a-streaker-at-super-bowl-lix,will-there-be-a-streaker-at-super-bowl-lix,Yes,0,ArmageddonRewardsBilly,54.0
0x79cbe531cca9eb9320b6ce22b6e471a7bb5d331e,SELL,0x4e4bf0d1ded2a10390c862a2b382ca9cc7af716acd7fddcf98de7e5712c802e2,72.0,0.73,1739093405,Will there be a streaker?,will-there-be-a-streaker-at-super-bowl-lix,will-there-be-a-streaker-at-super-bowl-lix,No,1,stompychan,52.56
0xa53acfe0bc0ed5a01fe72a5f5b9fde635476e4f1,BUY,0x4e4bf0d1ded2a10390c862a2b382ca9cc7af716acd7fddcf98de7e5712c802e2,200.0,0.26,1739067769,Will there be a streaker?,will-there-be-a-streaker-at-super-bowl-lix,will-there-be-a-streaker-at-super-bowl-lix,Yes,0,jj1970jj,52.0
0xdc38aaeb14319318e239877181514af517518df6,BUY,0x4e4bf0d1ded2a10390c862a2b382ca9cc7af716acd7fddcf98de7e5712c802e2,174.551723,0.28999999616159616,1739028987,Will there be a streaker?,will-there-be-a-streaker-at-super-bowl-lix,will-there-be-a-streaker-at-super-bowl-lix,Yes,0,xrp24,50.619999
